first name,last name,country,age
Mable,Whitehead,SERBIA,32
Mable,Mcintosh,SLOVAKIA,35
Mable,Russo,BULGARIA,19
Mable,Stephenson,ARMENIA,23
Mable,Mann,SERBIA,24
Mable,Conner,ALBANIA,22
Mable,Choi,SWEDEN,35
Mable,Flowers,LATVIA,27
Mable,Hull,MONACO,30
Mable,Holder,ANDORRA,21
Tanya,Russo,MONACO,28
Tanya,Mueller,LUXEMBOURG,45
Tanya,Scott,ARMENIA,56
Tanya,Cooley,MALTA,38
Tanya,Mann,MONACO,44
Tanya,Garner,ITALY,37
Tanya,Kidd,LIECHTENSTEIN,45
Tanya,Munoz,ICELAND,32
Tanya,Holder,AUSTRIA,21
Tanya,Bush,ESTONIA,37
Russ,Wyatt,SLOVENIA,24
Russ,York,CROATIA,37
Russ,Gross,SWITZERLAND,39
Russ,Scott,ARMENIA,26
Russ,Stephenson,BOSNIA_AND_HERZEGOVINA,35
Russ,Walton,DENMARK,42
Russ,Moses,MONACO,32
Russ,Harrison,ARMENIA,38
Russ,Shea,TURKEY,25
Russ,Casey,FRANCE,22
Lorraine,Clarke,SWEDEN,51
Lorraine,Frost,TURKEY,41
Lorraine,Mckinney,LUXEMBOURG,18
Lorraine,Cooley,BELARUS,57
Lorraine,Mann,POLAND,56
Lorraine,Dodson,LIECHTENSTEIN,34
Lorraine,Padilla,TURKEY,18
Lorraine,Gregory,IRELAND,23
Lorraine,Flowers,RUSSIA,55
Lorraine,Hull,SLOVAKIA,56
Delicia,Nicholson,UNITED_KINGDOM,41
Delicia,Mckenzie,CZECH_REPUBLIC,54
Delicia,Walton,LATVIA,33
Delicia,Dodson,ITALY,22
Delicia,Harrison,FRANCE,29
Delicia,Padilla,KAZAKHSTAN,37
Delicia,Kidd,DENMARK,57
Delicia,Gregory,CZECH_REPUBLIC,54
Delicia,Miller,AUSTRIA,18
Delicia,Bush,ARMENIA,50
Jon,Mcintosh,SLOVAKIA,43
Jon,Wyatt,SERBIA,55
Jon,Frost,KAZAKHSTAN,31
Jon,Mann,LIECHTENSTEIN,34
Jon,Walton,ITALY,22
Jon,Hoffman,SLOVAKIA,25
Jon,Hernandez,CZECH_REPUBLIC,55
Jon,Flowers,IRELAND,50
Jon,Miller,CZECH_REPUBLIC,23
Jon,Munoz,MACEDONIA,27
Larisa,Wyatt,ALBANIA,50
Larisa,York,CZECH_REPUBLIC,37
Larisa,Mckenzie,NORWAY,24
Larisa,Krause,LUXEMBOURG,35
Larisa,Harrison,NETHERLANDS,18
Larisa,Garner,BOSNIA_AND_HERZEGOVINA,47
Larisa,Goodman,BELGIUM,34
Larisa,Flowers,LUXEMBOURG,46
Larisa,Savage,MOLDOVA,21
Larisa,Holder,LITHUANIA,55
Suzi,Leach,SWEDEN,56
Suzi,Gross,ITALY,49
Suzi,Nicholson,SWITZERLAND,55
Suzi,Armstrong,BELGIUM,36
Suzi,Pineda,ARMENIA,42
Suzi,Mann,ROMANIA,23
Suzi,Moses,LITHUANIA,50
Suzi,Kidd,SWITZERLAND,18
Suzi,Miller,NETHERLANDS,39
Suzi,Flowers,TURKEY,37
Lorelei,Bradshaw,FRANCE,21
Lorelei,Leach,SLOVENIA,41
Lorelei,Clarke,DENMARK,57
Lorelei,Wyatt,MACEDONIA,21
Lorelei,Russo,GEORGIA,51
Lorelei,York,UNITED_KINGDOM,43
Lorelei,Mann,MONTENEGRO,39
Lorelei,Hoffman,SPAIN,42
Lorelei,Miller,GREECE,57
Lorelei,Shea,IRELAND,25
Callie,Clarke,CZECH_REPUBLIC,37
Callie,Stewart,AZERBAIJAN,49
Callie,Frost,ROMANIA,27
Callie,Mueller,MALTA,42
Callie,Armstrong,LIECHTENSTEIN,25
Callie,Stephenson,SWITZERLAND,38
Callie,Goodman,FRANCE,33
Callie,Munoz,AUSTRIA,57
Callie,Savage,CROATIA,49
Callie,Holder,ESTONIA,44
Laila,Carroll,GREECE,38
Laila,Russo,SLOVENIA,31
Laila,Dodson,TURKEY,27
Laila,Moses,MALTA,23
Laila,Harrison,SWITZERLAND,18
Laila,Garner,MOLDOVA,48
Laila,Flowers,GEORGIA,52
Laila,Shea,AUSTRIA,39
Laila,Munoz,KAZAKHSTAN,45
Laila,Holder,SAN_MARINO,47
Bernard,Whitehead,ARMENIA,44
Bernard,Gross,POLAND,47
Bernard,Frost,BELGIUM,30
Bernard,Barrett,PORTUGAL,42
Bernard,Mckinney,LATVIA,40
Bernard,Krause,LUXEMBOURG,45
Bernard,Pineda,MONTENEGRO,44
Bernard,Mann,FRANCE,28
Bernard,Padilla,MALTA,42
Bernard,Kidd,MACEDONIA,27
Meagan,Leach,TURKEY,20
Meagan,Armstrong,RUSSIA,21
Meagan,Scott,UKRAINE,29
Meagan,Mckenzie,BELARUS,34
Meagan,Stephenson,TURKEY,41
Meagan,Harrison,UNITED_KINGDOM,30
Meagan,Kidd,GERMANY,25
Meagan,Hull,PORTUGAL,39
Meagan,Bush,NORWAY,37
Meagan,Holder,SPAIN,36
Antione,Mcintosh,MONACO,49
Antione,Carroll,GEORGIA,52
Antione,Wyatt,MONACO,19
Antione,Gross,ESTONIA,44
Antione,Mckenzie,ITALY,57
Antione,Stephenson,ARMENIA,39
Antione,Hoffman,LATVIA,46
Antione,Moses,TURKEY,22
Antione,Padilla,AUSTRIA,43
Antione,Kidd,BELGIUM,25
Justine,Whitehead,SPAIN,42
Justine,Stewart,NORWAY,52
Justine,Gross,LUXEMBOURG,26
Justine,Mueller,LIECHTENSTEIN,22
Justine,Stephenson,ITALY,28
Justine,Walton,SLOVAKIA,49
Justine,Hoffman,VATICAN_CITY,26
Justine,Conner,GERMANY,55
Justine,Goodman,RUSSIA,29
Justine,Shea,ANDORRA,25
Justina,Wyatt,CZECH_REPUBLIC,30
Justina,Nicholson,FINLAND,43
Justina,Crawford,GREECE,24
Justina,Barrett,GREECE,56
Justina,Walton,POLAND,42
Justina,Conner,AZERBAIJAN,57
Justina,Dodson,ESTONIA,47
Justina,Garner,BELARUS,48
Justina,Flowers,AUSTRIA,20
Justina,Savage,LIECHTENSTEIN,55
Olin,Frost,ARMENIA,22
Olin,York,RUSSIA,22
Olin,Crawford,CROATIA,33
Olin,Blackburn,BELARUS,20
Olin,Hernandez,SLOVENIA,50
Olin,Kidd,AZERBAIJAN,39
Olin,Flowers,UNITED_KINGDOM,53
Olin,Miller,SLOVENIA,44
Olin,Munoz,GEORGIA,28
Olin,Bush,POLAND,45
Chaya,Leach,MACEDONIA,51
Chaya,Frost,SLOVAKIA,41
Chaya,Gross,MOLDOVA,52
Chaya,Crawford,GERMANY,26
Chaya,Nicholson,ESTONIA,30
Chaya,Walton,SLOVAKIA,26
Chaya,Garner,KAZAKHSTAN,19
Chaya,Gregory,CYPRUS,35
Chaya,Holder,MALTA,21
Chaya,Bush,ESTONIA,20
Louie,Frost,LUXEMBOURG,18
Louie,Crawford,KAZAKHSTAN,22
Louie,Armstrong,GREECE,19
Louie,Mckenzie,FRANCE,49
Louie,Krause,AUSTRIA,35
Louie,Hoffman,DENMARK,29
Louie,Choi,LUXEMBOURG,45
Louie,Hernandez,GEORGIA,19
Louie,Flowers,MONTENEGRO,39
Louie,Savage,HUNGARY,41
Krystina,Mcintosh,ANDORRA,27
Krystina,Russo,DENMARK,26
Krystina,York,HUNGARY,40
Krystina,Frost,KAZAKHSTAN,19
Krystina,Nicholson,MONTENEGRO,35
Krystina,Krause,LUXEMBOURG,28
Krystina,Pineda,UKRAINE,33
Krystina,Conner,SERBIA,43
Krystina,Moses,VATICAN_CITY,36
Krystina,Goodman,AZERBAIJAN,55
Hyo,Stewart,LUXEMBOURG,24
Hyo,Crawford,MONACO,50
Hyo,Nicholson,NETHERLANDS,18
Hyo,Mckenzie,BELARUS,57
Hyo,Armstrong,SLOVENIA,31
Hyo,Walton,SWITZERLAND,37
Hyo,Dodson,ICELAND,22
Hyo,Goodman,NORWAY,34
Hyo,Flowers,UNITED_KINGDOM,57
Hyo,Savage,VATICAN_CITY,53
Ardella,Bradshaw,SAN_MARINO,55
Ardella,Stewart,HUNGARY,34
Ardella,Wyatt,DENMARK,50
Ardella,Nicholson,NORWAY,20
Ardella,Scott,GEORGIA,22
Ardella,Mckenzie,GEORGIA,27
Ardella,Walton,AZERBAIJAN,55
Ardella,Mann,RUSSIA,41
Ardella,Conner,ROMANIA,54
Ardella,Miller,CROATIA,43
Lynwood,Carroll,LIECHTENSTEIN,30
Lynwood,Ellis,MALTA,43
Lynwood,Barrett,LATVIA,47
Lynwood,Blackburn,TURKEY,29
Lynwood,Mckinney,ITALY,42
Lynwood,Armstrong,MACEDONIA,47
Lynwood,Mann,TURKEY,41
Lynwood,Hoffman,HUNGARY,41
Lynwood,Garner,UKRAINE,22
Lynwood,Miller,RUSSIA,56
Bruna,Stewart,CYPRUS,38
Bruna,Clarke,NORWAY,20
Bruna,Wyatt,MONTENEGRO,28
Bruna,Crawford,GERMANY,42
Bruna,Mueller,VATICAN_CITY,21
Bruna,Conner,SWEDEN,56
Bruna,Padilla,CZECH_REPUBLIC,30
Bruna,Hull,ANDORRA,32
Bruna,Casey,CROATIA,39
Bruna,Bush,LATVIA,25
Romeo,Stewart,ICELAND,52
Romeo,Wyatt,MONACO,28
Romeo,York,SWITZERLAND,33
Romeo,Scott,CZECH_REPUBLIC,38
Romeo,Choi,GREECE,42
Romeo,Harrison,ANDORRA,55
Romeo,Goodman,CZECH_REPUBLIC,43
Romeo,Flowers,SAN_MARINO,29
Romeo,Shea,ESTONIA,55
Romeo,Savage,MACEDONIA,33
Elina,Frost,RUSSIA,34
Elina,York,SAN_MARINO,35
Elina,Armstrong,CYPRUS,44
Elina,Stephenson,SLOVAKIA,45
Elina,Pineda,SPAIN,51
Elina,Mann,RUSSIA,30
Elina,Hoffman,MONACO,47
Elina,Dodson,KAZAKHSTAN,28
Elina,Choi,MOLDOVA,43
Elina,Munoz,MALTA,38
Daryl,Carroll,POLAND,18
Daryl,Crawford,MACEDONIA,35
Daryl,Mckenzie,MACEDONIA,46
Daryl,Krause,GREECE,21
Daryl,Stephenson,SAN_MARINO,54
Daryl,Conner,CROATIA,39
Daryl,Kidd,GERMANY,57
Daryl,Miller,LUXEMBOURG,47
Daryl,Flowers,POLAND,56
Daryl,Casey,UNITED_KINGDOM,41
Treva,Clarke,CYPRUS,41
Treva,Mueller,AUSTRIA,32
Treva,Pineda,RUSSIA,56
Treva,Conner,CZECH_REPUBLIC,40
Treva,Choi,BELGIUM,21
Treva,Padilla,SPAIN,34
Treva,Garner,SERBIA,52
Treva,Gregory,ESTONIA,41
Treva,Miller,SPAIN,40
Treva,Holder,SWEDEN,30
Edison,Whitehead,ESTONIA,19
Edison,Bradshaw,AUSTRIA,35
Edison,Mcintosh,MONACO,44
Edison,Carroll,CZECH_REPUBLIC,45
Edison,Pineda,HUNGARY,45
Edison,Mann,ANDORRA,33
Edison,Dodson,FRANCE,30
Edison,Goodman,GREECE,18
Edison,Casey,TURKEY,39
Edison,Holder,MONACO,39
Sanjuana,Leach,MONTENEGRO,35
Sanjuana,Ellis,LITHUANIA,24
Sanjuana,Nicholson,BOSNIA_AND_HERZEGOVINA,52
Sanjuana,Mueller,ESTONIA,29
Sanjuana,Armstrong,KAZAKHSTAN,22
Sanjuana,Krause,ANDORRA,47
Sanjuana,Mann,BOSNIA_AND_HERZEGOVINA,54
Sanjuana,Dodson,LIECHTENSTEIN,19
Sanjuana,Choi,ALBANIA,27
Sanjuana,Flowers,ARMENIA,53
Doreen,Mcintosh,FINLAND,18
Doreen,Carroll,GERMANY,54
Doreen,Mueller,HUNGARY,43
Doreen,Mckenzie,ROMANIA,38
Doreen,Cooley,ARMENIA,30
Doreen,Conner,SAN_MARINO,24
Doreen,Harrison,BULGARIA,40
Doreen,Moses,FRANCE,47
Doreen,Goodman,MALTA,51
Doreen,Flowers,ICELAND,37
Tynisha,Whitehead,LUXEMBOURG,27
Tynisha,Frost,CZECH_REPUBLIC,36
Tynisha,Gross,RUSSIA,36
Tynisha,Barrett,ICELAND,48
Tynisha,Walton,FINLAND,18
Tynisha,Choi,SLOVENIA,44
Tynisha,Hernandez,SWITZERLAND,42
Tynisha,Garner,MONTENEGRO,56
Tynisha,Miller,SWEDEN,38
Tynisha,Bush,ARMENIA,44
Neal,Leach,SERBIA,34
Neal,Stewart,CZECH_REPUBLIC,57
Neal,Frost,KAZAKHSTAN,43
Neal,Barrett,ANDORRA,28
Neal,Blackburn,PORTUGAL,37
Neal,Stephenson,RUSSIA,26
Neal,Mann,NETHERLANDS,34
Neal,Moses,GEORGIA,19
Neal,Hernandez,SERBIA,42
Neal,Hull,AZERBAIJAN,50
Gretchen,Clarke,RUSSIA,57
Gretchen,Frost,FRANCE,42
Gretchen,York,SLOVENIA,50
Gretchen,Mckinney,SERBIA,27
Gretchen,Mueller,MONTENEGRO,42
Gretchen,Scott,LUXEMBOURG,23
Gretchen,Gregory,LATVIA,57
Gretchen,Miller,RUSSIA,40
Gretchen,Bush,NETHERLANDS,28
Gretchen,Holder,AZERBAIJAN,39
Sherley,Whitehead,CROATIA,30
Sherley,Stewart,ICELAND,52
Sherley,Clarke,GEORGIA,55
Sherley,Frost,BOSNIA_AND_HERZEGOVINA,48
Sherley,Barrett,TURKEY,30
Sherley,Mckinney,MOLDOVA,21
Sherley,Moses,SWITZERLAND,49
Sherley,Goodman,SWEDEN,40
Sherley,Shea,LUXEMBOURG,19
Sherley,Holder,NORWAY,18
Reginald,Clarke,BELGIUM,35
Reginald,Wyatt,CZECH_REPUBLIC,40
Reginald,Mckinney,MONTENEGRO,41
Reginald,Armstrong,BELGIUM,28
Reginald,Stephenson,SAN_MARINO,33
Reginald,Harrison,ICELAND,24
Reginald,Hernandez,BELARUS,32
Reginald,Gregory,SERBIA,19
Reginald,Goodman,BELARUS,28
Reginald,Bush,SAN_MARINO,45
Sharice,Mcintosh,MALTA,25
Sharice,Russo,MALTA,37
Sharice,Frost,DENMARK,20
Sharice,Barrett,KAZAKHSTAN,43
Sharice,Blackburn,MALTA,28
Sharice,Scott,SPAIN,24
Sharice,Krause,UNITED_KINGDOM,55
Sharice,Walton,UKRAINE,27
Sharice,Padilla,IRELAND,34
Sharice,Goodman,FRANCE,31
Marybelle,Russo,NORWAY,39
Marybelle,Wyatt,LITHUANIA,31
Marybelle,Nicholson,CYPRUS,21
Marybelle,Stephenson,SERBIA,33
Marybelle,Pineda,ITALY,47
Marybelle,Garner,AUSTRIA,34
Marybelle,Kidd,LUXEMBOURG,27
Marybelle,Hull,MALTA,51
Marybelle,Savage,ICELAND,50
Marybelle,Holder,MACEDONIA,39
Lennie,Mcintosh,AZERBAIJAN,25
Lennie,Lowe,ALBANIA,27
Lennie,Gross,DENMARK,57
Lennie,Barrett,MONTENEGRO,55
Lennie,Scott,ALBANIA,36
Lennie,Moses,KAZAKHSTAN,52
Lennie,Harrison,TURKEY,39
Lennie,Hernandez,LITHUANIA,34
Lennie,Padilla,FRANCE,49
Lennie,Shea,UKRAINE,25
Allison,Russo,MONTENEGRO,32
Allison,Nicholson,SLOVENIA,31
Allison,Armstrong,GEORGIA,54
Allison,Scott,MONACO,38
Allison,Mann,ICELAND,24
Allison,Pineda,SWEDEN,51
Allison,Moses,SLOVAKIA,40
Allison,Hernandez,ARMENIA,31
Allison,Miller,BELARUS,50
Allison,Bush,MOLDOVA,35
Audria,Bradshaw,MALTA,31
Audria,Gross,NORWAY,56
Audria,Blackburn,SWEDEN,39
Audria,Hoffman,LITHUANIA,21
Audria,Padilla,AZERBAIJAN,24
Audria,Garner,CYPRUS,36
Audria,Kidd,CYPRUS,22
Audria,Goodman,NORWAY,39
Audria,Miller,ICELAND,30
Audria,Holder,SWITZERLAND,56
Winnifred,Lowe,ARMENIA,48
Winnifred,Russo,POLAND,51
Winnifred,Armstrong,AZERBAIJAN,53
Winnifred,Scott,MALTA,21
Winnifred,Pineda,LIECHTENSTEIN,53
Winnifred,Moses,MACEDONIA,43
Winnifred,Kidd,NETHERLANDS,54
Winnifred,Goodman,GERMANY,21
Winnifred,Shea,SWITZERLAND,31
Winnifred,Holder,DENMARK,54
Bee,Bradshaw,BELGIUM,37
Bee,Clarke,SWEDEN,38
Bee,Ellis,LUXEMBOURG,29
Bee,Nicholson,MONTENEGRO,40
Bee,Mckenzie,MACEDONIA,24
Bee,Scott,AZERBAIJAN,19
Bee,Pineda,PORTUGAL,46
Bee,Dodson,AZERBAIJAN,43
Bee,Choi,HUNGARY,36
Bee,Shea,SLOVENIA,28
Georgia,Whitehead,SLOVAKIA,20
Georgia,Carroll,HUNGARY,29
Georgia,Gross,KAZAKHSTAN,34
Georgia,Mueller,PORTUGAL,40
Georgia,Blackburn,LUXEMBOURG,36
Georgia,Krause,MONTENEGRO,47
Georgia,Walton,ICELAND,21
Georgia,Conner,ANDORRA,57
Georgia,Miller,UKRAINE,41
Georgia,Shea,ANDORRA,18
Juliane,Mcintosh,SLOVENIA,51
Juliane,Bradshaw,GEORGIA,48
Juliane,Clarke,SLOVAKIA,36
Juliane,Barrett,CROATIA,36
Juliane,Scott,BELGIUM,20
Juliane,Pineda,CYPRUS,31
Juliane,Goodman,SAN_MARINO,37
Juliane,Hull,CYPRUS,34
Juliane,Miller,SERBIA,53
Juliane,Holder,LUXEMBOURG,45
Collen,Whitehead,TURKEY,29
Collen,Bradshaw,SLOVAKIA,25
Collen,Stewart,BELARUS,37
Collen,Carroll,ALBANIA,44
Collen,Wyatt,POLAND,53
Collen,Scott,UKRAINE,55
Collen,Walton,ANDORRA,25
Collen,Conner,SWEDEN,24
Collen,Moses,DENMARK,52
Collen,Miller,FRANCE,46
Donnell,Leach,MONTENEGRO,49
Donnell,Ellis,GEORGIA,35
Donnell,Crawford,MACEDONIA,37
Donnell,Mueller,LITHUANIA,24
Donnell,Mckenzie,NORWAY,56
Donnell,Garner,GERMANY,41
Donnell,Kidd,GERMANY,50
Donnell,Flowers,MALTA,40
Donnell,Savage,AUSTRIA,45
Donnell,Bush,ESTONIA,21
Fermina,Whitehead,SWITZERLAND,20
Fermina,Clarke,GEORGIA,57
Fermina,Russo,KAZAKHSTAN,56
Fermina,Wyatt,LATVIA,57
Fermina,Mckinney,PORTUGAL,18
Fermina,Scott,MALTA,53
Fermina,Pineda,CZECH_REPUBLIC,37
Fermina,Mann,VATICAN_CITY,35
Fermina,Harrison,SLOVENIA,53
Fermina,Holder,SLOVAKIA,50
Otis,Bradshaw,ITALY,18
Otis,Leach,BULGARIA,47
Otis,Nicholson,BELARUS,27
Otis,Barrett,SERBIA,34
Otis,Armstrong,MONACO,26
Otis,Walton,ICELAND,30
Otis,Moses,MONACO,24
Otis,Choi,ROMANIA,28
Otis,Padilla,DENMARK,33
Otis,Hull,DENMARK,41
Nicholas,Stewart,ITALY,19
Nicholas,Wyatt,ITALY,33
Nicholas,Nicholson,SPAIN,47
Nicholas,Krause,GEORGIA,18
Nicholas,Walton,VATICAN_CITY,38
Nicholas,Hoffman,GREECE,24
Nicholas,Conner,HUNGARY,36
Nicholas,Harrison,MOLDOVA,34
Nicholas,Choi,SLOVENIA,32
Nicholas,Hernandez,GREECE,19